<?xml version="1.0" encoding="utf-8"?>
<ApplicationInstallerManifest>
   <DefaultInstallationDirectory>/Applications/SMolESY_platform/</DefaultInstallationDirectory>
   <ApplicationName>SMolESY_platform</ApplicationName>
   <ExecutableName>application/SMolESY_platform.exe</ExecutableName>
   <GUID>199472b3-3db0-4599-a78f-8981c2aeea17</GUID>
   <ApplicationIcon>default_icon_48.png</ApplicationIcon>
   <Logo>default_logo.png</Logo>
   <Version>1.1</Version>
   <InstallationNotes>In the following directions, replace MR/v97 by the directory on the target machine where MATLAB is installed, or MR by the directory where the MATLAB Runtime is installed.

If the environment variable DYLD_LIBRARY_PATH is undefined, set it to the following string:

MR/v97/runtime/maci64:MR/v97/sys/os/maci64:MR/v97/bin/maci64

If it is defined, set it to the following:

${DYLD_LIBRARY_PATH}:MR/v97/runtime/maci64:MR/v97/sys/os/maci64:MR/v97/bin/maci64
</InstallationNotes>
   <Summary>A tool for tranforming 1H-NMR spectra into "SMolESY" and "SMolESY" implementation into NMR-based metabolomics pipeline/analytical studies.</Summary>
   <WelcomePanelText>SMolESY_platform 1.1
A tool for tranforming 1H-NMR spectra into "SMolESY" and "SMolESY" implementation into NMR-based metabolomics pipeline/analytical studies.

In SMolESY platfrom v1.1
1. Fixed bugs for integration
2. Alignment to Glucose can be plotted and employed for bucketing-quantification
3. New alignment to Glucose Function for both 1H-NMR &amp; SMolESY spectra.

Dr. Panteleimon G. Takis
p.takis@imperial.ac.uk</WelcomePanelText>
   <MCRProducts>
      <MCRProduct>
         <ExternalProductIdentifier>35000</ExternalProductIdentifier>
      </MCRProduct>
      <MCRProduct>
         <ExternalProductIdentifier>35010</ExternalProductIdentifier>
      </MCRProduct>
      <MCRProduct>
         <ExternalProductIdentifier>35119</ExternalProductIdentifier>
      </MCRProduct>
   </MCRProducts>
</ApplicationInstallerManifest>