<?xml version="1.0" encoding="utf-8"?>
<ApplicationInstallerManifest>
   <DefaultInstallationDirectory>/Applications/SMolESY_platform/</DefaultInstallationDirectory>
   <ApplicationName>SMolESY_platform</ApplicationName>
   <ExecutableName>application/SMolESY_platform.exe</ExecutableName>
   <GUID>f36f7a7e-a070-4882-b863-6799ea2b0834</GUID>
   <ApplicationIcon>default_icon_48.png</ApplicationIcon>
   <Logo>default_logo.png</Logo>
   <Version>1.2.3</Version>
   <InstallationNotes>In the following directions, replace MR/v99 by the directory on the target machine where MATLAB is installed, or MR by the directory where the MATLAB Runtime is installed.

If the environment variable DYLD_LIBRARY_PATH is undefined, set it to the following string:

MR/v99/runtime/maci64:MR/v99/sys/os/maci64:MR/v99/bin/maci64

If it is defined, set it to the following:

${DYLD_LIBRARY_PATH}:MR/v99/runtime/maci64:MR/v99/sys/os/maci64:MR/v99/bin/maci64
</InstallationNotes>
   <Summary>A tool for tranforming 1H-NMR spectra into "SMolESY" and "SMolESY" implementation into NMR-based metabolomics pipeline/analytical studies.</Summary>
   <WelcomePanelText>SMolESY_platform 1.2.3
A tool for tranforming 1H-NMR spectra into "SMolESY" and "SMolESY" implementation into NMR-based metabolomics pipeline/analytical studies.

In SMolESY platfrom v1.2
--&gt; The "getNMRdata.m" function has been updated for properly reading the "imaginary" data of acquired/processed 1H-NMR spectra from various Bruker IVDr versions.

Dr. Panteleimon G. Takis
p.takis@imperial.ac.uk</WelcomePanelText>
   <MCRProducts>
      <MCRProduct>
         <ExternalProductIdentifier>35000</ExternalProductIdentifier>
      </MCRProduct>
      <MCRProduct>
         <ExternalProductIdentifier>35010</ExternalProductIdentifier>
      </MCRProduct>
      <MCRProduct>
         <ExternalProductIdentifier>35119</ExternalProductIdentifier>
      </MCRProduct>
   </MCRProducts>
</ApplicationInstallerManifest>