<?xml version="1.0" encoding="UTF-8"?><html xmlns="http://www.w3.org/1999/xhtml"><body><parsererror style="display: block; white-space: pre; border: 2px solid #c77; padding: 0 1em 0 1em; margin: 1em; background-color: #fdd; color: black"><h3>This page contains the following errors:</h3><div style="font-family:monospace;font-size:12px">error on line 1 at column 1: Extra content at the end of the document
</div><h3>Below is a rendering of the page up to the first error.</h3></parsererror></body><file absolutepath="/Users/panteleimontakis/Library/Mobile Documents/com~apple~CloudDocs/CERM Postdoc/my_development/find_region_integrate_ALBUMIN.m"></file><file absolutepath="/Users/panteleimontakis/Library/Mobile Documents/com~apple~CloudDocs/CERM Postdoc/my_development/extract_lipos_exampleTPCH_AWII.m"></file><file absolutepath="/Users/panteleimontakis/Library/Mobile Documents/com~apple~CloudDocs/CERM Postdoc/my_development/getNMRdataTEST_Feb_04_2023.m"></file><file absolutepath="/Users/panteleimontakis/Documents/MATLAB/BRUKER_reding/spec/bbio_spec_read1dffid.m"></file><file absolutepath="/Users/panteleimontakis/Library/Mobile Documents/com~apple~CloudDocs/Eggrafa/PROSWPIKA/CVs/Imp/Compiles_Feb_2023/smol_plat/getNMRdata.m"></file><file absolutepath="/Users/panteleimontakis/Library/Mobile Documents/com~apple~CloudDocs/CERM Postdoc/my_development/getNMRdata.m"></file><file absolutepath="/Users/panteleimontakis/Library/Mobile Documents/com~apple~CloudDocs/Eggrafa/PROSWPIKA/CVs/Imp/Compiles_Feb_2023/SS/getNMRdata.m"></file><file absolutepath="/Users/panteleimontakis/Library/Mobile Documents/com~apple~CloudDocs/Eggrafa/PROSWPIKA/CVs/Imp/Compiles_Feb_2023/SS/plotting.m"></file><file absolutepath="/Users/panteleimontakis/Library/Mobile Documents/com~apple~CloudDocs/Eggrafa/PROSWPIKA/CVs/Imp/Compiles_Feb_2023/SS/no_plotting.m"></file><file absolutepath="/Users/panteleimontakis/Library/Mobile Documents/com~apple~CloudDocs/Eggrafa/PROSWPIKA/CVs/Imp/Compiles_Feb_2023/SS/SMolESY_Auto_Assign.m"></file><file absolutepath="/Users/panteleimontakis/Library/Mobile Documents/com~apple~CloudDocs/Eggrafa/PROSWPIKA/CVs/Imp/Compiles_Feb_2023/smol_plat/SMolESY_platform.m"></file></html>