<?xml version="1.0" encoding="utf-8"?>
<productAdditionalComps>
   <dependsOn>
      <component>
         <name>SMolESY_platform</name>
         <locale/>
         <platformList>
            <platform>maci64</platform>
         </platformList>
         <version>1.2.3</version>
      </component>
   </dependsOn>
   <isControllingProduct>true</isControllingProduct>
   <platform>maci64</platform>
   <productName>SMolESY_platform</productName>
   <productNumber>5000</productNumber>
   <productBaseCode>SMolESY_platform</productBaseCode>
   <productVersion>1.2.3</productVersion>
   <releaseFamily>R2020b</releaseFamily>
   <releaseDescription>R2020b</releaseDescription>
</productAdditionalComps>